window,window_days,target_key,train_rows,test_rows,model_type,accuracy,balanced_accuracy,roc_auc,brier,positive_rate_train,positive_rate_test,recommended_apply,fallback_mode,feature_numeric,feature_categorical,all_results,model_path
1m,30,BNB/USDT:USDT,3605,181,extratrees,0.712707182320442,0.6892945544554455,0.7365717821782177,0.23688433047211394,0.3783633841886269,0.4419889502762431,True,round_robin_ex_symbol,"['signal_strength', 'adx', 'atrp', 'base_weight', 'p_win', 'expected_return', 'policy_score', 'size_mult', 'ret_1h_lag', 'ret_4h_lag', 'ret_12h_lag', 'ret_24h_lag', 'ema_gap_fast_slow', 'dist_close_ema_fast', 'dist_close_ema_slow', 'range_pct', 'rolling_vol_24h', 'rolling_vol_72h', 'atrp_zscore', 'breakout_distance_up', 'breakout_distance_down', 'pullback_depth', 'btc_ret_24h_lag', 'btc_rolling_vol_24h', 'btc_atrp', 'btc_adx']","['symbol', 'strategy_id', 'side', 'band', 'reason']","{'logreg': {'accuracy': 0.4972375690607735, 'balanced_accuracy': 0.4689356435643564, 'roc_auc': 0.6074257425742574, 'brier': 0.2491632935801605}, 'mlp': {'accuracy': 0.5580110497237569, 'balanced_accuracy': 0.5, 'roc_auc': 0.5719059405940594, 'brier': 0.24421025822686288}, 'hgb': {'accuracy': 0.6187845303867403, 'balanced_accuracy': 0.5869430693069306, 'roc_auc': 0.6775990099009901, 'brier': 0.24023280734129432}, 'extratrees': {'accuracy': 0.712707182320442, 'balanced_accuracy': 0.6892945544554455, 'roc_auc': 0.7365717821782177, 'brier': 0.23688433047211394}}",artifacts/pwin_ml_multiwindow_v1/pwin_model_BNB_USDT_USDT_1m.joblib
1m,30,BTC/USDT:USDT,2884,361,extratrees,0.5678670360110804,0.5397340754483612,0.6781230674087817,0.2371015023562194,0.3828016643550624,0.45706371191135736,True,round_robin_ex_symbol,"['signal_strength', 'adx', 'atrp', 'base_weight', 'p_win', 'expected_return', 'policy_score', 'size_mult', 'ret_1h_lag', 'ret_4h_lag', 'ret_12h_lag', 'ret_24h_lag', 'ema_gap_fast_slow', 'dist_close_ema_fast', 'dist_close_ema_slow', 'range_pct', 'rolling_vol_24h', 'rolling_vol_72h', 'atrp_zscore', 'breakout_distance_up', 'breakout_distance_down', 'pullback_depth', 'btc_ret_24h_lag', 'btc_rolling_vol_24h', 'btc_atrp', 'btc_adx']","['symbol', 'strategy_id', 'side', 'band', 'reason']","{'logreg': {'accuracy': 0.5623268698060941, 'balanced_accuracy': 0.5423005565862709, 'roc_auc': 0.6459492888064318, 'brier': 0.24431329404039115}, 'mlp': {'accuracy': 0.5429362880886427, 'balanced_accuracy': 0.5, 'roc_auc': 0.6592455163883736, 'brier': 0.2461384451059865}, 'hgb': {'accuracy': 0.5706371191135734, 'balanced_accuracy': 0.5408472479901051, 'roc_auc': 0.6566635745207172, 'brier': 0.25111006764013455}, 'extratrees': {'accuracy': 0.5678670360110804, 'balanced_accuracy': 0.5397340754483612, 'roc_auc': 0.6781230674087817, 'brier': 0.2371015023562194}}",artifacts/pwin_ml_multiwindow_v1/pwin_model_BTC_USDT_USDT_1m.joblib
1m,30,ETH/USDT:USDT,3605,181,hgb,0.6132596685082873,0.5831481481481482,0.6747530864197531,0.25331521047665595,0.3783633841886269,0.44751381215469616,True,round_robin_ex_symbol,"['signal_strength', 'adx', 'atrp', 'base_weight', 'p_win', 'expected_return', 'policy_score', 'size_mult', 'ret_1h_lag', 'ret_4h_lag', 'ret_12h_lag', 'ret_24h_lag', 'ema_gap_fast_slow', 'dist_close_ema_fast', 'dist_close_ema_slow', 'range_pct', 'rolling_vol_24h', 'rolling_vol_72h', 'atrp_zscore', 'breakout_distance_up', 'breakout_distance_down', 'pullback_depth', 'btc_ret_24h_lag', 'btc_rolling_vol_24h', 'btc_atrp', 'btc_adx']","['symbol', 'strategy_id', 'side', 'band', 'reason']","{'logreg': {'accuracy': 0.5580110497237569, 'balanced_accuracy': 0.5296296296296297, 'roc_auc': 0.4909876543209877, 'brier': 0.2574066189723731}, 'mlp': {'accuracy': 0.56353591160221, 'balanced_accuracy': 0.5346296296296297, 'roc_auc': 0.652962962962963, 'brier': 0.23899138391898417}, 'hgb': {'accuracy': 0.6132596685082873, 'balanced_accuracy': 0.5831481481481482, 'roc_auc': 0.6747530864197531, 'brier': 0.25331521047665595}, 'extratrees': {'accuracy': 0.5469613259668509, 'balanced_accuracy': 0.5196296296296297, 'roc_auc': 0.6472839506172839, 'brier': 0.2377988318113654}}",artifacts/pwin_ml_multiwindow_v1/pwin_model_ETH_USDT_USDT_1m.joblib
1m,30,LINK/USDT:USDT,3605,181,logreg,0.5359116022099447,0.5309366593299095,0.5918317437026168,0.24567779671884615,0.3883495145631068,0.48066298342541436,False,round_robin_ex_symbol,"['signal_strength', 'adx', 'atrp', 'base_weight', 'p_win', 'expected_return', 'policy_score', 'size_mult', 'ret_1h_lag', 'ret_4h_lag', 'ret_12h_lag', 'ret_24h_lag', 'ema_gap_fast_slow', 'dist_close_ema_fast', 'dist_close_ema_slow', 'range_pct', 'rolling_vol_24h', 'rolling_vol_72h', 'atrp_zscore', 'breakout_distance_up', 'breakout_distance_down', 'pullback_depth', 'btc_ret_24h_lag', 'btc_rolling_vol_24h', 'btc_atrp', 'btc_adx']","['symbol', 'strategy_id', 'side', 'band', 'reason']","{'logreg': {'accuracy': 0.5359116022099447, 'balanced_accuracy': 0.5309366593299095, 'roc_auc': 0.5918317437026168, 'brier': 0.24567779671884615}, 'mlp': {'accuracy': 0.5193370165745856, 'balanced_accuracy': 0.5, 'roc_auc': 0.4580582049400832, 'brier': 0.26680846018961296}, 'hgb': {'accuracy': 0.5138121546961326, 'balanced_accuracy': 0.49767669356810956, 'roc_auc': 0.3309488872584984, 'brier': 0.3158703730094399}, 'extratrees': {'accuracy': 0.5303867403314917, 'balanced_accuracy': 0.5251895328931279, 'roc_auc': 0.5404133039863048, 'brier': 0.24932785574517313}}",artifacts/pwin_ml_multiwindow_v1/pwin_model_LINK_USDT_USDT_1m.joblib
1m,30,XRP/USDT:USDT,3605,181,logreg,0.5469613259668509,0.59,0.5940740740740741,0.2590275548922956,0.3794729542302358,0.44751381215469616,True,round_robin_ex_symbol,"['signal_strength', 'adx', 'atrp', 'base_weight', 'p_win', 'expected_return', 'policy_score', 'size_mult', 'ret_1h_lag', 'ret_4h_lag', 'ret_12h_lag', 'ret_24h_lag', 'ema_gap_fast_slow', 'dist_close_ema_fast', 'dist_close_ema_slow', 'range_pct', 'rolling_vol_24h', 'rolling_vol_72h', 'atrp_zscore', 'breakout_distance_up', 'breakout_distance_down', 'pullback_depth', 'btc_ret_24h_lag', 'btc_rolling_vol_24h', 'btc_atrp', 'btc_adx']","['symbol', 'strategy_id', 'side', 'band', 'reason']","{'logreg': {'accuracy': 0.5469613259668509, 'balanced_accuracy': 0.59, 'roc_auc': 0.5940740740740741, 'brier': 0.2590275548922956}, 'mlp': {'accuracy': 0.5138121546961326, 'balanced_accuracy': 0.47086419753086417, 'roc_auc': 0.5435802469135802, 'brier': 0.2574086211202716}, 'hgb': {'accuracy': 0.56353591160221, 'balanced_accuracy': 0.5592592592592592, 'roc_auc': 0.5415432098765431, 'brier': 0.2705314851804531}, 'extratrees': {'accuracy': 0.5027624309392266, 'balanced_accuracy': 0.48080246913580243, 'roc_auc': 0.5543209876543209, 'brier': 0.24479424908903893}}",artifacts/pwin_ml_multiwindow_v1/pwin_model_XRP_USDT_USDT_1m.joblib
3m,90,BNB/USDT:USDT,1620,541,logreg,0.5212569316081331,0.5519895258943168,0.5227077502840201,0.2563293333160004,0.5271604938271605,0.4417744916820702,False,symbol,"['signal_strength', 'adx', 'atrp', 'base_weight', 'p_win', 'expected_return', 'policy_score', 'size_mult', 'ret_1h_lag', 'ret_4h_lag', 'ret_12h_lag', 'ret_24h_lag', 'ema_gap_fast_slow', 'dist_close_ema_fast', 'dist_close_ema_slow', 'range_pct', 'rolling_vol_24h', 'rolling_vol_72h', 'atrp_zscore', 'breakout_distance_up', 'breakout_distance_down', 'pullback_depth', 'btc_ret_24h_lag', 'btc_rolling_vol_24h', 'btc_atrp', 'btc_adx']","['symbol', 'strategy_id', 'side', 'band', 'reason']","{'logreg': {'accuracy': 0.5212569316081331, 'balanced_accuracy': 0.5519895258943168, 'roc_auc': 0.5227077502840201, 'brier': 0.2563293333160004}, 'mlp': {'accuracy': 0.4658040665434381, 'balanced_accuracy': 0.4966471778104131, 'roc_auc': 0.46588988334395526, 'brier': 0.26320308607920745}, 'hgb': {'accuracy': 0.4195933456561922, 'balanced_accuracy': 0.4399817118789659, 'roc_auc': 0.4020269334146139, 'brier': 0.3141139348902217}, 'extratrees': {'accuracy': 0.4399260628465804, 'balanced_accuracy': 0.4712862645127324, 'roc_auc': 0.4125703122835213, 'brier': 0.262826853029966}}",artifacts/pwin_ml_multiwindow_v1/pwin_model_BNB_USDT_USDT_3m.joblib
3m,90,BTC/USDT:USDT,3241,1081,logreg,0.5004625346901017,0.45870974713637347,0.40443051653339096,0.2562505220087808,0.5023141005862388,0.3885291396854764,False,symbol,"['signal_strength', 'adx', 'atrp', 'base_weight', 'p_win', 'expected_return', 'policy_score', 'size_mult', 'ret_1h_lag', 'ret_4h_lag', 'ret_12h_lag', 'ret_24h_lag', 'ema_gap_fast_slow', 'dist_close_ema_fast', 'dist_close_ema_slow', 'range_pct', 'rolling_vol_24h', 'rolling_vol_72h', 'atrp_zscore', 'breakout_distance_up', 'breakout_distance_down', 'pullback_depth', 'btc_ret_24h_lag', 'btc_rolling_vol_24h', 'btc_atrp', 'btc_adx']","['symbol', 'strategy_id', 'side', 'band', 'reason']","{'logreg': {'accuracy': 0.5004625346901017, 'balanced_accuracy': 0.45870974713637347, 'roc_auc': 0.40443051653339096, 'brier': 0.2562505220087808}, 'mlp': {'accuracy': 0.5078630897317299, 'balanced_accuracy': 0.4643271378142785, 'roc_auc': 0.3957675959945249, 'brier': 0.26290231155424854}, 'hgb': {'accuracy': 0.44033302497687327, 'balanced_accuracy': 0.4286398674447086, 'roc_auc': 0.39821338520279514, 'brier': 0.32832989720397854}, 'extratrees': {'accuracy': 0.5032377428307123, 'balanced_accuracy': 0.46358331532310354, 'roc_auc': 0.3958936676031986, 'brier': 0.2640981196331725}}",artifacts/pwin_ml_multiwindow_v1/pwin_model_BTC_USDT_USDT_3m.joblib
3m,90,ETH/USDT:USDT,1620,541,mlp,0.5304990757855823,0.5096538418206399,0.5038868859846778,0.24999069956973013,0.5049382716049383,0.41404805914972276,False,symbol,"['signal_strength', 'adx', 'atrp', 'base_weight', 'p_win', 'expected_return', 'policy_score', 'size_mult', 'ret_1h_lag', 'ret_4h_lag', 'ret_12h_lag', 'ret_24h_lag', 'ema_gap_fast_slow', 'dist_close_ema_fast', 'dist_close_ema_slow', 'range_pct', 'rolling_vol_24h', 'rolling_vol_72h', 'atrp_zscore', 'breakout_distance_up', 'breakout_distance_down', 'pullback_depth', 'btc_ret_24h_lag', 'btc_rolling_vol_24h', 'btc_atrp', 'btc_adx']","['symbol', 'strategy_id', 'side', 'band', 'reason']","{'logreg': {'accuracy': 0.5341959334565619, 'balanced_accuracy': 0.5121535601622352, 'roc_auc': 0.453329202343398, 'brier': 0.25003087826064435}, 'mlp': {'accuracy': 0.5304990757855823, 'balanced_accuracy': 0.5096538418206399, 'roc_auc': 0.5038868859846778, 'brier': 0.24999069956973013}, 'hgb': {'accuracy': 0.5249537892791127, 'balanced_accuracy': 0.5081962595763858, 'roc_auc': 0.4772701667417755, 'brier': 0.2936058233499678}, 'extratrees': {'accuracy': 0.47504621072088726, 'balanced_accuracy': 0.46429979720594866, 'roc_auc': 0.4554838891392519, 'brier': 0.25262782938274114}}",artifacts/pwin_ml_multiwindow_v1/pwin_model_ETH_USDT_USDT_3m.joblib
3m,90,LINK/USDT:USDT,1620,541,hgb,0.5046210720887245,0.4755375351492601,0.45143721419035987,0.30624312998224945,0.4783950617283951,0.4029574861367837,False,symbol,"['signal_strength', 'adx', 'atrp', 'base_weight', 'p_win', 'expected_return', 'policy_score', 'size_mult', 'ret_1h_lag', 'ret_4h_lag', 'ret_12h_lag', 'ret_24h_lag', 'ema_gap_fast_slow', 'dist_close_ema_fast', 'dist_close_ema_slow', 'range_pct', 'rolling_vol_24h', 'rolling_vol_72h', 'atrp_zscore', 'breakout_distance_up', 'breakout_distance_down', 'pullback_depth', 'btc_ret_24h_lag', 'btc_rolling_vol_24h', 'btc_atrp', 'btc_adx']","['symbol', 'strategy_id', 'side', 'band', 'reason']","{'logreg': {'accuracy': 0.45286506469500926, 'balanced_accuracy': 0.4142997131252308, 'roc_auc': 0.37215610531996474, 'brier': 0.2784241226228669}, 'mlp': {'accuracy': 0.46210720887245843, 'balanced_accuracy': 0.39296162694918624, 'roc_auc': 0.3568466498139575, 'brier': 0.2867793233608014}, 'hgb': {'accuracy': 0.5046210720887245, 'balanced_accuracy': 0.4755375351492601, 'roc_auc': 0.45143721419035987, 'brier': 0.30624312998224945}, 'extratrees': {'accuracy': 0.4602587800369686, 'balanced_accuracy': 0.4219828443207317, 'roc_auc': 0.3701891669270316, 'brier': 0.28290105557197576}}",artifacts/pwin_ml_multiwindow_v1/pwin_model_LINK_USDT_USDT_3m.joblib
3m,90,XRP/USDT:USDT,1620,541,hgb,0.5101663585951941,0.48113917093349534,0.48099453267378284,0.3105160977678006,0.5259259259259259,0.3826247689463956,False,symbol,"['signal_strength', 'adx', 'atrp', 'base_weight', 'p_win', 'expected_return', 'policy_score', 'size_mult', 'ret_1h_lag', 'ret_4h_lag', 'ret_12h_lag', 'ret_24h_lag', 'ema_gap_fast_slow', 'dist_close_ema_fast', 'dist_close_ema_slow', 'range_pct', 'rolling_vol_24h', 'rolling_vol_72h', 'atrp_zscore', 'breakout_distance_up', 'breakout_distance_down', 'pullback_depth', 'btc_ret_24h_lag', 'btc_rolling_vol_24h', 'btc_atrp', 'btc_adx']","['symbol', 'strategy_id', 'side', 'band', 'reason']","{'logreg': {'accuracy': 0.5194085027726433, 'balanced_accuracy': 0.49137955972113745, 'roc_auc': 0.4729960369116839, 'brier': 0.25513368671078446}, 'mlp': {'accuracy': 0.5304990757855823, 'balanced_accuracy': 0.5288336370736787, 'roc_auc': 0.47364690908038987, 'brier': 0.2642324591900925}, 'hgb': {'accuracy': 0.5101663585951941, 'balanced_accuracy': 0.48113917093349534, 'roc_auc': 0.48099453267378284, 'brier': 0.3105160977678006}, 'extratrees': {'accuracy': 0.4953789279112754, 'balanced_accuracy': 0.4608970464867367, 'roc_auc': 0.47457982585553526, 'brier': 0.2583330123966665}}",artifacts/pwin_ml_multiwindow_v1/pwin_model_XRP_USDT_USDT_3m.joblib
6m,180,BNB/USDT:USDT,3240,1081,mlp,0.5004625346901017,0.5010686624195068,0.5243283920582231,0.25655202197253874,0.48271604938271606,0.4690101757631822,False,symbol,"['signal_strength', 'adx', 'atrp', 'base_weight', 'p_win', 'expected_return', 'policy_score', 'size_mult', 'ret_1h_lag', 'ret_4h_lag', 'ret_12h_lag', 'ret_24h_lag', 'ema_gap_fast_slow', 'dist_close_ema_fast', 'dist_close_ema_slow', 'range_pct', 'rolling_vol_24h', 'rolling_vol_72h', 'atrp_zscore', 'breakout_distance_up', 'breakout_distance_down', 'pullback_depth', 'btc_ret_24h_lag', 'btc_rolling_vol_24h', 'btc_atrp', 'btc_adx']","['symbol', 'strategy_id', 'side', 'band', 'reason']","{'logreg': {'accuracy': 0.4838112858464385, 'balanced_accuracy': 0.47928822272161864, 'roc_auc': 0.5045461105498628, 'brier': 0.2541512516435169}, 'mlp': {'accuracy': 0.5004625346901017, 'balanced_accuracy': 0.5010686624195068, 'roc_auc': 0.5243283920582231, 'brier': 0.25655202197253874}, 'hgb': {'accuracy': 0.5060129509713228, 'balanced_accuracy': 0.5038777670109753, 'roc_auc': 0.5231463345909875, 'brier': 0.271044483488339}, 'extratrees': {'accuracy': 0.5032377428307123, 'balanced_accuracy': 0.49527864255819226, 'roc_auc': 0.4985344549134418, 'brier': 0.2557118321221446}}",artifacts/pwin_ml_multiwindow_v1/pwin_model_BNB_USDT_USDT_6m.joblib
6m,180,BTC/USDT:USDT,6481,2161,logreg,0.5094863489125405,0.5096341863317828,0.5010106548175702,0.25131883982967324,0.4874247801265237,0.44377602961591855,False,symbol,"['signal_strength', 'adx', 'atrp', 'base_weight', 'p_win', 'expected_return', 'policy_score', 'size_mult', 'ret_1h_lag', 'ret_4h_lag', 'ret_12h_lag', 'ret_24h_lag', 'ema_gap_fast_slow', 'dist_close_ema_fast', 'dist_close_ema_slow', 'range_pct', 'rolling_vol_24h', 'rolling_vol_72h', 'atrp_zscore', 'breakout_distance_up', 'breakout_distance_down', 'pullback_depth', 'btc_ret_24h_lag', 'btc_rolling_vol_24h', 'btc_atrp', 'btc_adx']","['symbol', 'strategy_id', 'side', 'band', 'reason']","{'logreg': {'accuracy': 0.5094863489125405, 'balanced_accuracy': 0.5096341863317828, 'roc_auc': 0.5010106548175702, 'brier': 0.25131883982967324}, 'mlp': {'accuracy': 0.4826469227209625, 'balanced_accuracy': 0.4681162261715355, 'roc_auc': 0.47587614663777267, 'brier': 0.26025745170129194}, 'hgb': {'accuracy': 0.4969921332716335, 'balanced_accuracy': 0.4927111401053857, 'roc_auc': 0.49589275087228624, 'brier': 0.28007550070371967}, 'extratrees': {'accuracy': 0.4840351689032855, 'balanced_accuracy': 0.47800719690331894, 'roc_auc': 0.48789166127361594, 'brier': 0.2532754326037434}}",artifacts/pwin_ml_multiwindow_v1/pwin_model_BTC_USDT_USDT_6m.joblib
6m,180,ETH/USDT:USDT,3240,1081,logreg,0.5374653098982424,0.5301938951679982,0.5610168662235177,0.24720744616428067,0.5111111111111111,0.4283071230342276,False,symbol,"['signal_strength', 'adx', 'atrp', 'base_weight', 'p_win', 'expected_return', 'policy_score', 'size_mult', 'ret_1h_lag', 'ret_4h_lag', 'ret_12h_lag', 'ret_24h_lag', 'ema_gap_fast_slow', 'dist_close_ema_fast', 'dist_close_ema_slow', 'range_pct', 'rolling_vol_24h', 'rolling_vol_72h', 'atrp_zscore', 'breakout_distance_up', 'breakout_distance_down', 'pullback_depth', 'btc_ret_24h_lag', 'btc_rolling_vol_24h', 'btc_atrp', 'btc_adx']","['symbol', 'strategy_id', 'side', 'band', 'reason']","{'logreg': {'accuracy': 0.5374653098982424, 'balanced_accuracy': 0.5301938951679982, 'roc_auc': 0.5610168662235177, 'brier': 0.24720744616428067}, 'mlp': {'accuracy': 0.5698427382053654, 'balanced_accuracy': 0.5674491671734223, 'roc_auc': 0.5583922218261375, 'brier': 0.24669230307242693}, 'hgb': {'accuracy': 0.48936170212765956, 'balanced_accuracy': 0.48622673292932683, 'roc_auc': 0.4623410709667498, 'brier': 0.2935173835266076}, 'extratrees': {'accuracy': 0.5282146160962072, 'balanced_accuracy': 0.5215615760447903, 'roc_auc': 0.5176036402524691, 'brier': 0.25375873382059483}}",artifacts/pwin_ml_multiwindow_v1/pwin_model_ETH_USDT_USDT_6m.joblib
6m,180,LINK/USDT:USDT,3240,1081,mlp,0.5911193339500462,0.5537626862448716,0.5473187936370834,0.24298809831149926,0.4839506172839506,0.3894542090656799,False,symbol,"['signal_strength', 'adx', 'atrp', 'base_weight', 'p_win', 'expected_return', 'policy_score', 'size_mult', 'ret_1h_lag', 'ret_4h_lag', 'ret_12h_lag', 'ret_24h_lag', 'ema_gap_fast_slow', 'dist_close_ema_fast', 'dist_close_ema_slow', 'range_pct', 'rolling_vol_24h', 'rolling_vol_72h', 'atrp_zscore', 'breakout_distance_up', 'breakout_distance_down', 'pullback_depth', 'btc_ret_24h_lag', 'btc_rolling_vol_24h', 'btc_atrp', 'btc_adx']","['symbol', 'strategy_id', 'side', 'band', 'reason']","{'logreg': {'accuracy': 0.5531914893617021, 'balanced_accuracy': 0.5265727344705967, 'roc_auc': 0.5380299431368315, 'brier': 0.2479288392311191}, 'mlp': {'accuracy': 0.5911193339500462, 'balanced_accuracy': 0.5537626862448716, 'roc_auc': 0.5473187936370834, 'brier': 0.24298809831149926}, 'hgb': {'accuracy': 0.5411655874190564, 'balanced_accuracy': 0.5231753400993305, 'roc_auc': 0.5069333477290723, 'brier': 0.27253233762712575}, 'extratrees': {'accuracy': 0.547641073080481, 'balanced_accuracy': 0.5280482977038796, 'roc_auc': 0.5308752609227668, 'brier': 0.2507422311753177}}",artifacts/pwin_ml_multiwindow_v1/pwin_model_LINK_USDT_USDT_6m.joblib
6m,180,XRP/USDT:USDT,3240,1081,logreg,0.5383903792784459,0.5575337715915283,0.5598441801057198,0.24472678278253243,0.5006172839506173,0.40980573543015725,False,symbol,"['signal_strength', 'adx', 'atrp', 'base_weight', 'p_win', 'expected_return', 'policy_score', 'size_mult', 'ret_1h_lag', 'ret_4h_lag', 'ret_12h_lag', 'ret_24h_lag', 'ema_gap_fast_slow', 'dist_close_ema_fast', 'dist_close_ema_slow', 'range_pct', 'rolling_vol_24h', 'rolling_vol_72h', 'atrp_zscore', 'breakout_distance_up', 'breakout_distance_down', 'pullback_depth', 'btc_ret_24h_lag', 'btc_rolling_vol_24h', 'btc_atrp', 'btc_adx']","['symbol', 'strategy_id', 'side', 'band', 'reason']","{'logreg': {'accuracy': 0.5383903792784459, 'balanced_accuracy': 0.5575337715915283, 'roc_auc': 0.5598441801057198, 'brier': 0.24472678278253243}, 'mlp': {'accuracy': 0.5402405180388529, 'balanced_accuracy': 0.5549615403666933, 'roc_auc': 0.5348967215550854, 'brier': 0.25103722485816277}, 'hgb': {'accuracy': 0.5106382978723404, 'balanced_accuracy': 0.5160844059808798, 'roc_auc': 0.5354822845092948, 'brier': 0.2707184766708284}, 'extratrees': {'accuracy': 0.5226641998149861, 'balanced_accuracy': 0.5362765980030711, 'roc_auc': 0.5345623668773042, 'brier': 0.25048503799900435}}",artifacts/pwin_ml_multiwindow_v1/pwin_model_XRP_USDT_USDT_6m.joblib
12m,365,BNB/USDT:USDT,3519,1173,hgb,0.5029838022165388,0.5024650959860384,0.5184002326934264,0.27666408234848194,0.4961636828644501,0.4884910485933504,False,symbol,"['signal_strength', 'adx', 'atrp', 'base_weight', 'p_win', 'expected_return', 'policy_score', 'size_mult', 'ret_1h_lag', 'ret_4h_lag', 'ret_12h_lag', 'ret_24h_lag', 'ema_gap_fast_slow', 'dist_close_ema_fast', 'dist_close_ema_slow', 'range_pct', 'rolling_vol_24h', 'rolling_vol_72h', 'atrp_zscore', 'breakout_distance_up', 'breakout_distance_down', 'pullback_depth', 'btc_ret_24h_lag', 'btc_rolling_vol_24h', 'btc_atrp', 'btc_adx']","['symbol', 'strategy_id', 'side', 'band', 'reason']","{'logreg': {'accuracy': 0.48508098891730606, 'balanced_accuracy': 0.4810383944153578, 'roc_auc': 0.48959278650378124, 'brier': 0.2614938663228891}, 'mlp': {'accuracy': 0.4936061381074169, 'balanced_accuracy': 0.49082460732984295, 'roc_auc': 0.49114892379290287, 'brier': 0.26129252640754314}, 'hgb': {'accuracy': 0.5029838022165388, 'balanced_accuracy': 0.5024650959860384, 'roc_auc': 0.5184002326934264, 'brier': 0.27666408234848194}, 'extratrees': {'accuracy': 0.47911338448422847, 'balanced_accuracy': 0.4752050610820244, 'roc_auc': 0.49971058755090164, 'brier': 0.25575722331203704}}",artifacts/pwin_ml_multiwindow_v1/pwin_model_BNB_USDT_USDT_12m.joblib
12m,365,BTC/USDT:USDT,7038,2346,extratrees,0.4948849104859335,0.49188394160583937,0.49488065693430655,0.25120064648749485,0.48934356351236147,0.46717817561807334,False,symbol,"['signal_strength', 'adx', 'atrp', 'base_weight', 'p_win', 'expected_return', 'policy_score', 'size_mult', 'ret_1h_lag', 'ret_4h_lag', 'ret_12h_lag', 'ret_24h_lag', 'ema_gap_fast_slow', 'dist_close_ema_fast', 'dist_close_ema_slow', 'range_pct', 'rolling_vol_24h', 'rolling_vol_72h', 'atrp_zscore', 'breakout_distance_up', 'breakout_distance_down', 'pullback_depth', 'btc_ret_24h_lag', 'btc_rolling_vol_24h', 'btc_atrp', 'btc_adx']","['symbol', 'strategy_id', 'side', 'band', 'reason']","{'logreg': {'accuracy': 0.46888320545609546, 'balanced_accuracy': 0.4663036496350365, 'roc_auc': 0.4668912408759124, 'brier': 0.2536292219817264}, 'mlp': {'accuracy': 0.4884910485933504, 'balanced_accuracy': 0.47885839416058396, 'roc_auc': 0.47235182481751825, 'brier': 0.25862836059359}, 'hgb': {'accuracy': 0.5042625745950554, 'balanced_accuracy': 0.5016394160583941, 'roc_auc': 0.4846288321167883, 'brier': 0.2828399316692398}, 'extratrees': {'accuracy': 0.4948849104859335, 'balanced_accuracy': 0.49188394160583937, 'roc_auc': 0.49488065693430655, 'brier': 0.25120064648749485}}",artifacts/pwin_ml_multiwindow_v1/pwin_model_BTC_USDT_USDT_12m.joblib
12m,365,ETH/USDT:USDT,3519,1173,mlp,0.5993179880647911,0.6011836053086457,0.5813523569566109,0.2452918031205603,0.5038363171355499,0.4560954816709292,True,symbol,"['signal_strength', 'adx', 'atrp', 'base_weight', 'p_win', 'expected_return', 'policy_score', 'size_mult', 'ret_1h_lag', 'ret_4h_lag', 'ret_12h_lag', 'ret_24h_lag', 'ema_gap_fast_slow', 'dist_close_ema_fast', 'dist_close_ema_slow', 'range_pct', 'rolling_vol_24h', 'rolling_vol_72h', 'atrp_zscore', 'breakout_distance_up', 'breakout_distance_down', 'pullback_depth', 'btc_ret_24h_lag', 'btc_rolling_vol_24h', 'btc_atrp', 'btc_adx']","['symbol', 'strategy_id', 'side', 'band', 'reason']","{'logreg': {'accuracy': 0.5677749360613811, 'balanced_accuracy': 0.5663024052969268, 'roc_auc': 0.5734743503354525, 'brier': 0.2469059241902941}, 'mlp': {'accuracy': 0.5993179880647911, 'balanced_accuracy': 0.6011836053086457, 'roc_auc': 0.5813523569566109, 'brier': 0.2452918031205603}, 'hgb': {'accuracy': 0.48081841432225064, 'balanced_accuracy': 0.47836844109805765, 'roc_auc': 0.46565640289455945, 'brier': 0.2883143658284093}, 'extratrees': {'accuracy': 0.5336743393009378, 'balanced_accuracy': 0.5325403568394222, 'roc_auc': 0.5431093077080831, 'brier': 0.25120408356123747}}",artifacts/pwin_ml_multiwindow_v1/pwin_model_ETH_USDT_USDT_12m.joblib
12m,365,LINK/USDT:USDT,3519,1173,extratrees,0.546462063086104,0.534368530020704,0.5510682029585621,0.24799559083609463,0.4859335038363171,0.4117647058823529,False,symbol,"['signal_strength', 'adx', 'atrp', 'base_weight', 'p_win', 'expected_return', 'policy_score', 'size_mult', 'ret_1h_lag', 'ret_4h_lag', 'ret_12h_lag', 'ret_24h_lag', 'ema_gap_fast_slow', 'dist_close_ema_fast', 'dist_close_ema_slow', 'range_pct', 'rolling_vol_24h', 'rolling_vol_72h', 'atrp_zscore', 'breakout_distance_up', 'breakout_distance_down', 'pullback_depth', 'btc_ret_24h_lag', 'btc_rolling_vol_24h', 'btc_atrp', 'btc_adx']","['symbol', 'strategy_id', 'side', 'band', 'reason']","{'logreg': {'accuracy': 0.5404944586530265, 'balanced_accuracy': 0.5218426501035196, 'roc_auc': 0.5507936507936508, 'brier': 0.2474216802603086}, 'mlp': {'accuracy': 0.5652173913043478, 'balanced_accuracy': 0.5425465838509317, 'roc_auc': 0.5475110270951481, 'brier': 0.24547205895022975}, 'hgb': {'accuracy': 0.525149190110827, 'balanced_accuracy': 0.5181159420289856, 'roc_auc': 0.5156749782458667, 'brier': 0.27021876997654704}, 'extratrees': {'accuracy': 0.546462063086104, 'balanced_accuracy': 0.534368530020704, 'roc_auc': 0.5510682029585621, 'brier': 0.24799559083609463}}",artifacts/pwin_ml_multiwindow_v1/pwin_model_LINK_USDT_USDT_12m.joblib
12m,365,XRP/USDT:USDT,3519,1173,extratrees,0.556692242114237,0.563942336155349,0.5571162157361909,0.24819018280714403,0.5029838022165388,0.43307757885763,False,symbol,"['signal_strength', 'adx', 'atrp', 'base_weight', 'p_win', 'expected_return', 'policy_score', 'size_mult', 'ret_1h_lag', 'ret_4h_lag', 'ret_12h_lag', 'ret_24h_lag', 'ema_gap_fast_slow', 'dist_close_ema_fast', 'dist_close_ema_slow', 'range_pct', 'rolling_vol_24h', 'rolling_vol_72h', 'atrp_zscore', 'breakout_distance_up', 'breakout_distance_down', 'pullback_depth', 'btc_ret_24h_lag', 'btc_rolling_vol_24h', 'btc_atrp', 'btc_adx']","['symbol', 'strategy_id', 'side', 'band', 'reason']","{'logreg': {'accuracy': 0.5473145780051151, 'balanced_accuracy': 0.5535803090403173, 'roc_auc': 0.5566869930732343, 'brier': 0.24579960164942688}, 'mlp': {'accuracy': 0.5601023017902813, 'balanced_accuracy': 0.5748505121070393, 'roc_auc': 0.5511396601740571, 'brier': 0.24793404644157374}, 'hgb': {'accuracy': 0.5447570332480819, 'balanced_accuracy': 0.5434240127878752, 'roc_auc': 0.550069563672962, 'brier': 0.265520714638668}, 'extratrees': {'accuracy': 0.556692242114237, 'balanced_accuracy': 0.563942336155349, 'roc_auc': 0.5571162157361909, 'brier': 0.24819018280714403}}",artifacts/pwin_ml_multiwindow_v1/pwin_model_XRP_USDT_USDT_12m.joblib
24m,730,BNB/USDT:USDT,3519,1173,hgb,0.5029838022165388,0.5024650959860384,0.5184002326934264,0.27666408234848194,0.4961636828644501,0.4884910485933504,False,symbol,"['signal_strength', 'adx', 'atrp', 'base_weight', 'p_win', 'expected_return', 'policy_score', 'size_mult', 'ret_1h_lag', 'ret_4h_lag', 'ret_12h_lag', 'ret_24h_lag', 'ema_gap_fast_slow', 'dist_close_ema_fast', 'dist_close_ema_slow', 'range_pct', 'rolling_vol_24h', 'rolling_vol_72h', 'atrp_zscore', 'breakout_distance_up', 'breakout_distance_down', 'pullback_depth', 'btc_ret_24h_lag', 'btc_rolling_vol_24h', 'btc_atrp', 'btc_adx']","['symbol', 'strategy_id', 'side', 'band', 'reason']","{'logreg': {'accuracy': 0.48508098891730606, 'balanced_accuracy': 0.4810383944153578, 'roc_auc': 0.48959278650378124, 'brier': 0.2614938663228891}, 'mlp': {'accuracy': 0.4936061381074169, 'balanced_accuracy': 0.49082460732984295, 'roc_auc': 0.49114892379290287, 'brier': 0.26129252640754314}, 'hgb': {'accuracy': 0.5029838022165388, 'balanced_accuracy': 0.5024650959860384, 'roc_auc': 0.5184002326934264, 'brier': 0.27666408234848194}, 'extratrees': {'accuracy': 0.47911338448422847, 'balanced_accuracy': 0.4752050610820244, 'roc_auc': 0.49971058755090164, 'brier': 0.2557572233120371}}",artifacts/pwin_ml_multiwindow_v1/pwin_model_BNB_USDT_USDT_24m.joblib
24m,730,BTC/USDT:USDT,7038,2346,extratrees,0.4948849104859335,0.49188394160583937,0.49488065693430655,0.25120064648749485,0.48934356351236147,0.46717817561807334,False,symbol,"['signal_strength', 'adx', 'atrp', 'base_weight', 'p_win', 'expected_return', 'policy_score', 'size_mult', 'ret_1h_lag', 'ret_4h_lag', 'ret_12h_lag', 'ret_24h_lag', 'ema_gap_fast_slow', 'dist_close_ema_fast', 'dist_close_ema_slow', 'range_pct', 'rolling_vol_24h', 'rolling_vol_72h', 'atrp_zscore', 'breakout_distance_up', 'breakout_distance_down', 'pullback_depth', 'btc_ret_24h_lag', 'btc_rolling_vol_24h', 'btc_atrp', 'btc_adx']","['symbol', 'strategy_id', 'side', 'band', 'reason']","{'logreg': {'accuracy': 0.46888320545609546, 'balanced_accuracy': 0.4663036496350365, 'roc_auc': 0.4668912408759124, 'brier': 0.2536292219817264}, 'mlp': {'accuracy': 0.4884910485933504, 'balanced_accuracy': 0.47885839416058396, 'roc_auc': 0.47235182481751825, 'brier': 0.25862836059359}, 'hgb': {'accuracy': 0.5042625745950554, 'balanced_accuracy': 0.5016394160583941, 'roc_auc': 0.4846288321167883, 'brier': 0.2828399316692398}, 'extratrees': {'accuracy': 0.4948849104859335, 'balanced_accuracy': 0.49188394160583937, 'roc_auc': 0.49488065693430655, 'brier': 0.25120064648749485}}",artifacts/pwin_ml_multiwindow_v1/pwin_model_BTC_USDT_USDT_24m.joblib
24m,730,ETH/USDT:USDT,3519,1173,mlp,0.5993179880647911,0.6011836053086457,0.5813523569566109,0.2452918031205603,0.5038363171355499,0.4560954816709292,True,symbol,"['signal_strength', 'adx', 'atrp', 'base_weight', 'p_win', 'expected_return', 'policy_score', 'size_mult', 'ret_1h_lag', 'ret_4h_lag', 'ret_12h_lag', 'ret_24h_lag', 'ema_gap_fast_slow', 'dist_close_ema_fast', 'dist_close_ema_slow', 'range_pct', 'rolling_vol_24h', 'rolling_vol_72h', 'atrp_zscore', 'breakout_distance_up', 'breakout_distance_down', 'pullback_depth', 'btc_ret_24h_lag', 'btc_rolling_vol_24h', 'btc_atrp', 'btc_adx']","['symbol', 'strategy_id', 'side', 'band', 'reason']","{'logreg': {'accuracy': 0.5677749360613811, 'balanced_accuracy': 0.5663024052969268, 'roc_auc': 0.5734743503354525, 'brier': 0.2469059241902941}, 'mlp': {'accuracy': 0.5993179880647911, 'balanced_accuracy': 0.6011836053086457, 'roc_auc': 0.5813523569566109, 'brier': 0.2452918031205603}, 'hgb': {'accuracy': 0.48081841432225064, 'balanced_accuracy': 0.47836844109805765, 'roc_auc': 0.46565640289455945, 'brier': 0.2883143658284093}, 'extratrees': {'accuracy': 0.5336743393009378, 'balanced_accuracy': 0.5325403568394222, 'roc_auc': 0.5431093077080831, 'brier': 0.25120408356123747}}",artifacts/pwin_ml_multiwindow_v1/pwin_model_ETH_USDT_USDT_24m.joblib
24m,730,LINK/USDT:USDT,3519,1173,extratrees,0.546462063086104,0.534368530020704,0.5510682029585621,0.24799559083609465,0.4859335038363171,0.4117647058823529,False,symbol,"['signal_strength', 'adx', 'atrp', 'base_weight', 'p_win', 'expected_return', 'policy_score', 'size_mult', 'ret_1h_lag', 'ret_4h_lag', 'ret_12h_lag', 'ret_24h_lag', 'ema_gap_fast_slow', 'dist_close_ema_fast', 'dist_close_ema_slow', 'range_pct', 'rolling_vol_24h', 'rolling_vol_72h', 'atrp_zscore', 'breakout_distance_up', 'breakout_distance_down', 'pullback_depth', 'btc_ret_24h_lag', 'btc_rolling_vol_24h', 'btc_atrp', 'btc_adx']","['symbol', 'strategy_id', 'side', 'band', 'reason']","{'logreg': {'accuracy': 0.5404944586530265, 'balanced_accuracy': 0.5218426501035196, 'roc_auc': 0.5507936507936508, 'brier': 0.2474216802603086}, 'mlp': {'accuracy': 0.5652173913043478, 'balanced_accuracy': 0.5425465838509317, 'roc_auc': 0.5475110270951481, 'brier': 0.24547205895022975}, 'hgb': {'accuracy': 0.525149190110827, 'balanced_accuracy': 0.5181159420289856, 'roc_auc': 0.5156749782458667, 'brier': 0.27021876997654704}, 'extratrees': {'accuracy': 0.546462063086104, 'balanced_accuracy': 0.534368530020704, 'roc_auc': 0.5510682029585621, 'brier': 0.24799559083609465}}",artifacts/pwin_ml_multiwindow_v1/pwin_model_LINK_USDT_USDT_24m.joblib
24m,730,XRP/USDT:USDT,3519,1173,extratrees,0.556692242114237,0.563942336155349,0.5571162157361909,0.24819018280714403,0.5029838022165388,0.43307757885763,False,symbol,"['signal_strength', 'adx', 'atrp', 'base_weight', 'p_win', 'expected_return', 'policy_score', 'size_mult', 'ret_1h_lag', 'ret_4h_lag', 'ret_12h_lag', 'ret_24h_lag', 'ema_gap_fast_slow', 'dist_close_ema_fast', 'dist_close_ema_slow', 'range_pct', 'rolling_vol_24h', 'rolling_vol_72h', 'atrp_zscore', 'breakout_distance_up', 'breakout_distance_down', 'pullback_depth', 'btc_ret_24h_lag', 'btc_rolling_vol_24h', 'btc_atrp', 'btc_adx']","['symbol', 'strategy_id', 'side', 'band', 'reason']","{'logreg': {'accuracy': 0.5473145780051151, 'balanced_accuracy': 0.5535803090403173, 'roc_auc': 0.5566869930732343, 'brier': 0.24579960164942688}, 'mlp': {'accuracy': 0.5601023017902813, 'balanced_accuracy': 0.5748505121070393, 'roc_auc': 0.5511396601740571, 'brier': 0.24793404644157374}, 'hgb': {'accuracy': 0.5447570332480819, 'balanced_accuracy': 0.5434240127878752, 'roc_auc': 0.550069563672962, 'brier': 0.265520714638668}, 'extratrees': {'accuracy': 0.556692242114237, 'balanced_accuracy': 0.563942336155349, 'roc_auc': 0.5571162157361909, 'brier': 0.24819018280714403}}",artifacts/pwin_ml_multiwindow_v1/pwin_model_XRP_USDT_USDT_24m.joblib
